session,regime,variant,pattern,candle_ts,side,entry,stop_loss,target,risk_points,bar_vol,d_oi,result,points
2026-09-01,TREND_DOWN,spike,spike,2026-09-01T08:20:00Z,BUY,24147.3,24103.1,24279.9,44.2,3616.0,,PENDING,0.0
2026-09-01,TREND_DOWN,spike,spike,2026-09-01T08:20:00Z,SELL,24103.1,24147.3,23970.5,44.2,3616.0,,TRIGGERED,0.0
2026-09-01,TREND_DOWN,hammer,hammer,2026-09-01T08:10:00Z,BUY,24162.0,24142.0,24222.0,20.0,2219.0,,PENDING,0.0
2026-09-01,TREND_DOWN,hammer,hammer,2026-09-01T09:50:00Z,SELL,24077.3,24097.6,24016.4,20.3,1412.0,,PENDING,0.0
2026-09-01,TREND_DOWN,spike+vol_expansion,spike+vol_expansion,2026-09-01T08:20:00Z,BUY,24147.3,24103.1,24279.9,44.2,3616.0,,PENDING,0.0
2026-09-01,TREND_DOWN,spike+vol_expansion,spike+vol_expansion,2026-09-01T08:20:00Z,SELL,24103.1,24147.3,23970.5,44.2,3616.0,,TRIGGERED,0.0
2026-09-02,CHOP,spike,spike,2026-09-02T03:45:00Z,BUY,24000.0,23952.4,24142.8,47.6,4879.0,58695.0,STOP_HIT,-47.6
2026-09-02,CHOP,spike,spike,2026-09-02T03:45:00Z,SELL,23952.4,24000.0,23809.6,47.6,4879.0,58695.0,STOP_HIT,-47.6
2026-09-02,CHOP,spike,spike,2026-09-02T03:50:00Z,BUY,23980.0,23940.0,24100.0,40.0,2379.0,51090.0,TRIGGERED,0.0
2026-09-02,CHOP,spike,spike,2026-09-02T03:50:00Z,SELL,23940.0,23980.0,23820.0,40.0,2379.0,51090.0,PENDING,0.0
2026-09-02,CHOP,spike,spike,2026-09-02T03:55:00Z,BUY,23981.2,23951.5,24070.3,29.7,1439.0,19045.0,STOP_HIT,-29.7
2026-09-02,CHOP,spike,spike,2026-09-02T03:55:00Z,SELL,23951.5,23981.2,23862.4,29.7,1439.0,19045.0,STOP_HIT,-29.7
2026-09-02,CHOP,spike,spike,2026-09-02T04:00:00Z,BUY,23979.8,23958.7,24043.1,21.1,3585.0,111020.0,STOP_HIT,-21.1
2026-09-02,CHOP,spike,spike,2026-09-02T04:00:00Z,SELL,23958.7,23979.8,23895.4,21.1,3585.0,111020.0,STOP_HIT,-21.1
2026-09-02,CHOP,spike,spike,2026-09-02T04:40:00Z,BUY,23989.8,23970.0,24049.2,19.8,1527.0,60775.0,STOP_HIT,-19.8
2026-09-02,CHOP,spike,spike,2026-09-02T04:40:00Z,SELL,23970.0,23989.8,23910.6,19.8,1527.0,60775.0,STOP_HIT,-19.8
2026-09-02,CHOP,spike,spike,2026-09-02T04:50:00Z,BUY,24018.0,23982.1,24125.7,35.9,1509.0,4550.0,STOP_HIT,-35.9
2026-09-02,CHOP,spike,spike,2026-09-02T04:50:00Z,SELL,23982.1,24018.0,23874.4,35.9,1509.0,4550.0,STOP_HIT,-35.9
2026-09-02,CHOP,spike,spike,2026-09-02T06:40:00Z,BUY,23983.9,23948.9,24088.9,35.0,2495.0,129675.0,TRIGGERED,0.0
2026-09-02,CHOP,spike,spike,2026-09-02T06:40:00Z,SELL,23948.9,23983.9,23843.9,35.0,2495.0,129675.0,PENDING,0.0
2026-09-02,CHOP,spike,spike,2026-09-02T07:45:00Z,BUY,24021.0,24008.0,24060.0,13.0,2321.0,122135.0,STOP_HIT,-13.0
2026-09-02,CHOP,spike,spike,2026-09-02T07:45:00Z,SELL,24008.0,24021.0,23969.0,13.0,2321.0,122135.0,STOP_HIT,-13.0
2026-09-02,CHOP,sideways_spike,sideways_spike,2026-09-02T07:45:00Z,BUY,24021.0,24008.0,24060.0,13.0,2321.0,122135.0,STOP_HIT,-13.0
2026-09-02,CHOP,sideways_spike,sideways_spike,2026-09-02T07:45:00Z,SELL,24008.0,24021.0,23969.0,13.0,2321.0,122135.0,STOP_HIT,-13.0
2026-09-02,CHOP,hammer,hammer,2026-09-02T04:20:00Z,SELL,23959.0,23981.0,23893.0,22.0,895.0,25350.0,STOP_HIT,-22.0
2026-09-02,CHOP,hammer,hammer,2026-09-02T04:55:00Z,BUY,24012.5,24001.0,24047.0,11.5,590.0,65.0,STOP_HIT,-11.5
2026-09-02,CHOP,hammer,hammer,2026-09-02T05:10:00Z,SELL,23990.6,24005.0,23947.4,14.4,381.0,7865.0,STOP_HIT,-14.4
2026-09-02,CHOP,hammer,hammer,2026-09-02T05:55:00Z,SELL,23961.0,23970.0,23934.0,9.0,211.0,6760.0,STOP_HIT,-9.0
2026-09-02,CHOP,hammer,hammer,2026-09-02T06:35:00Z,SELL,23946.1,23953.1,23925.1,7.0,224.0,20150.0,PENDING,0.0
2026-09-02,CHOP,hammer,hammer,2026-09-02T06:50:00Z,BUY,23973.2,23955.0,24027.8,18.2,208.0,4615.0,TARGET_HIT,54.6
2026-09-02,CHOP,hammer,hammer,2026-09-02T07:30:00Z,SELL,24005.3,24018.0,23967.2,12.7,384.0,-5005.0,STOP_HIT,-12.7
2026-09-02,CHOP,hammer,hammer,2026-09-02T07:55:00Z,SELL,24010.8,24027.0,23962.2,16.2,351.0,-4810.0,STOP_HIT,-16.2
2026-09-02,CHOP,hammer,hammer,2026-09-02T08:00:00Z,BUY,24017.0,24000.3,24067.1,16.7,246.0,-1300.0,STOP_HIT,-16.7
2026-09-02,CHOP,hammer,hammer,2026-09-02T08:10:00Z,SELL,24000.0,24016.3,23951.1,16.3,307.0,2860.0,STOP_HIT,-16.3
2026-09-02,CHOP,hammer,hammer,2026-09-02T09:45:00Z,BUY,24009.5,24000.8,24035.6,8.7,506.0,6045.0,PENDING,0.0
2026-09-02,CHOP,hammer,hammer,2026-09-02T09:55:00Z,BUY,24008.4,23995.0,24048.6,13.4,809.0,5460.0,STOP_HIT,-13.4
2026-09-02,CHOP,spike+vol_expansion,spike+vol_expansion,2026-09-02T03:45:00Z,BUY,24000.0,23952.4,24142.8,47.6,4879.0,58695.0,STOP_HIT,-47.6
2026-09-02,CHOP,spike+vol_expansion,spike+vol_expansion,2026-09-02T03:45:00Z,SELL,23952.4,24000.0,23809.6,47.6,4879.0,58695.0,STOP_HIT,-47.6
2026-09-02,CHOP,spike+vol_expansion,spike+vol_expansion,2026-09-02T03:50:00Z,BUY,23980.0,23940.0,24100.0,40.0,2379.0,51090.0,TRIGGERED,0.0
2026-09-02,CHOP,spike+vol_expansion,spike+vol_expansion,2026-09-02T03:50:00Z,SELL,23940.0,23980.0,23820.0,40.0,2379.0,51090.0,PENDING,0.0
2026-09-02,CHOP,spike+vol_expansion,spike+vol_expansion,2026-09-02T03:55:00Z,BUY,23981.2,23951.5,24070.3,29.7,1439.0,19045.0,STOP_HIT,-29.7
2026-09-02,CHOP,spike+vol_expansion,spike+vol_expansion,2026-09-02T03:55:00Z,SELL,23951.5,23981.2,23862.4,29.7,1439.0,19045.0,STOP_HIT,-29.7
2026-09-02,CHOP,spike+vol_expansion,spike+vol_expansion,2026-09-02T04:50:00Z,BUY,24018.0,23982.1,24125.7,35.9,1509.0,4550.0,STOP_HIT,-35.9
2026-09-02,CHOP,spike+vol_expansion,spike+vol_expansion,2026-09-02T04:50:00Z,SELL,23982.1,24018.0,23874.4,35.9,1509.0,4550.0,STOP_HIT,-35.9
2026-09-02,CHOP,spike+vol_expansion,spike+vol_expansion,2026-09-02T06:40:00Z,BUY,23983.9,23948.9,24088.9,35.0,2495.0,129675.0,TRIGGERED,0.0
2026-09-02,CHOP,spike+vol_expansion,spike+vol_expansion,2026-09-02T06:40:00Z,SELL,23948.9,23983.9,23843.9,35.0,2495.0,129675.0,PENDING,0.0
2026-09-02,CHOP,spike+oi_confirm,spike+oi_confirm,2026-09-02T03:45:00Z,BUY,24000.0,23952.4,24142.8,47.6,4879.0,58695.0,STOP_HIT,-47.6
2026-09-02,CHOP,spike+oi_confirm,spike+oi_confirm,2026-09-02T03:45:00Z,SELL,23952.4,24000.0,23809.6,47.6,4879.0,58695.0,STOP_HIT,-47.6
2026-09-02,CHOP,spike+oi_confirm,spike+oi_confirm,2026-09-02T03:50:00Z,BUY,23980.0,23940.0,24100.0,40.0,2379.0,51090.0,TRIGGERED,0.0
2026-09-02,CHOP,spike+oi_confirm,spike+oi_confirm,2026-09-02T03:50:00Z,SELL,23940.0,23980.0,23820.0,40.0,2379.0,51090.0,PENDING,0.0
2026-09-02,CHOP,spike+oi_confirm,spike+oi_confirm,2026-09-02T03:55:00Z,BUY,23981.2,23951.5,24070.3,29.7,1439.0,19045.0,STOP_HIT,-29.7
2026-09-02,CHOP,spike+oi_confirm,spike+oi_confirm,2026-09-02T03:55:00Z,SELL,23951.5,23981.2,23862.4,29.7,1439.0,19045.0,STOP_HIT,-29.7
2026-09-02,CHOP,spike+oi_confirm,spike+oi_confirm,2026-09-02T04:00:00Z,BUY,23979.8,23958.7,24043.1,21.1,3585.0,111020.0,STOP_HIT,-21.1
2026-09-02,CHOP,spike+oi_confirm,spike+oi_confirm,2026-09-02T04:00:00Z,SELL,23958.7,23979.8,23895.4,21.1,3585.0,111020.0,STOP_HIT,-21.1
2026-09-02,CHOP,spike+oi_confirm,spike+oi_confirm,2026-09-02T04:40:00Z,BUY,23989.8,23970.0,24049.2,19.8,1527.0,60775.0,STOP_HIT,-19.8
2026-09-02,CHOP,spike+oi_confirm,spike+oi_confirm,2026-09-02T04:40:00Z,SELL,23970.0,23989.8,23910.6,19.8,1527.0,60775.0,STOP_HIT,-19.8
2026-09-02,CHOP,spike+oi_confirm,spike+oi_confirm,2026-09-02T04:50:00Z,BUY,24018.0,23982.1,24125.7,35.9,1509.0,4550.0,STOP_HIT,-35.9
2026-09-02,CHOP,spike+oi_confirm,spike+oi_confirm,2026-09-02T04:50:00Z,SELL,23982.1,24018.0,23874.4,35.9,1509.0,4550.0,STOP_HIT,-35.9
2026-09-02,CHOP,spike+oi_confirm,spike+oi_confirm,2026-09-02T06:40:00Z,BUY,23983.9,23948.9,24088.9,35.0,2495.0,129675.0,TRIGGERED,0.0
2026-09-02,CHOP,spike+oi_confirm,spike+oi_confirm,2026-09-02T06:40:00Z,SELL,23948.9,23983.9,23843.9,35.0,2495.0,129675.0,PENDING,0.0
2026-09-02,CHOP,spike+oi_confirm,spike+oi_confirm,2026-09-02T07:45:00Z,BUY,24021.0,24008.0,24060.0,13.0,2321.0,122135.0,STOP_HIT,-13.0
2026-09-02,CHOP,spike+oi_confirm,spike+oi_confirm,2026-09-02T07:45:00Z,SELL,24008.0,24021.0,23969.0,13.0,2321.0,122135.0,STOP_HIT,-13.0
2026-09-03,TREND_DOWN,spike,spike,2026-09-03T03:45:00Z,BUY,24125.0,24085.0,24245.0,40.0,3595.0,,STOP_HIT,-40.0
2026-09-03,TREND_DOWN,spike,spike,2026-09-03T03:45:00Z,SELL,24085.0,24125.0,23965.0,40.0,3595.0,,STOP_HIT,-40.0
2026-09-03,TREND_DOWN,spike,spike,2026-09-03T03:50:00Z,BUY,24107.6,24079.0,24193.4,28.6,971.0,,STOP_HIT,-28.6
2026-09-03,TREND_DOWN,spike,spike,2026-09-03T03:50:00Z,SELL,24079.0,24107.6,23993.2,28.6,971.0,,STOP_HIT,-28.6
2026-09-03,TREND_DOWN,spike,spike,2026-09-03T04:10:00Z,BUY,24146.5,24125.0,24211.0,21.5,1089.0,-19695.0,STOP_HIT,-21.5
2026-09-03,TREND_DOWN,spike,spike,2026-09-03T04:10:00Z,SELL,24125.0,24146.5,24060.5,21.5,1089.0,-19695.0,TARGET_HIT,64.5
2026-09-03,TREND_DOWN,spike,spike,2026-09-03T09:25:00Z,BUY,24032.1,24006.2,24109.8,25.9,1046.0,38610.0,PENDING,0.0
2026-09-03,TREND_DOWN,spike,spike,2026-09-03T09:25:00Z,SELL,24006.2,24032.1,23928.5,25.9,1046.0,38610.0,TRIGGERED,0.0
2026-09-03,TREND_DOWN,spike,spike,2026-09-03T09:35:00Z,BUY,24014.5,23996.3,24069.1,18.2,1358.0,56550.0,STOP_HIT,-18.2
2026-09-03,TREND_DOWN,spike,spike,2026-09-03T09:35:00Z,SELL,23996.3,24014.5,23941.7,18.2,1358.0,56550.0,TRIGGERED,0.0
2026-09-03,TREND_DOWN,sideways_spike,sideways_spike,2026-09-03T09:25:00Z,BUY,24032.1,24006.2,24109.8,25.9,1046.0,38610.0,PENDING,0.0
2026-09-03,TREND_DOWN,sideways_spike,sideways_spike,2026-09-03T09:25:00Z,SELL,24006.2,24032.1,23928.5,25.9,1046.0,38610.0,TRIGGERED,0.0
2026-09-03,TREND_DOWN,hammer,hammer,2026-09-03T03:45:00Z,SELL,24085.0,24125.0,23965.0,40.0,3595.0,,STOP_HIT,-40.0
2026-09-03,TREND_DOWN,hammer,hammer,2026-09-03T03:50:00Z,SELL,24079.0,24107.6,23993.2,28.6,971.0,,STOP_HIT,-28.6
2026-09-03,TREND_DOWN,hammer,hammer,2026-09-03T04:15:00Z,BUY,24148.0,24130.4,24200.8,17.6,693.0,-9880.0,PENDING,0.0
2026-09-03,TREND_DOWN,hammer,hammer,2026-09-03T04:30:00Z,BUY,24135.2,24123.7,24169.7,11.5,313.0,5395.0,STOP_HIT,-11.5
2026-09-03,TREND_DOWN,hammer,hammer,2026-09-03T04:50:00Z,BUY,24130.5,24116.4,24172.8,14.1,196.0,6370.0,PENDING,0.0
2026-09-03,TREND_DOWN,hammer,hammer,2026-09-03T05:10:00Z,BUY,24096.5,24071.0,24173.0,25.5,607.0,14235.0,STOP_HIT,-25.5
2026-09-03,TREND_DOWN,hammer,hammer,2026-09-03T05:50:00Z,SELL,24061.9,24075.0,24022.6,13.1,345.0,6435.0,STOP_HIT,-13.1
2026-09-03,TREND_DOWN,hammer,hammer,2026-09-03T06:10:00Z,BUY,24089.1,24073.7,24135.3,15.4,185.0,1820.0,STOP_HIT,-15.4
2026-09-03,TREND_DOWN,hammer,hammer,2026-09-03T06:25:00Z,BUY,24075.5,24061.1,24118.7,14.4,137.0,4420.0,PENDING,0.0
2026-09-03,TREND_DOWN,hammer,hammer,2026-09-03T06:40:00Z,SELL,24041.0,24054.9,23999.3,13.9,227.0,4550.0,STOP_HIT,-13.9
2026-09-03,TREND_DOWN,hammer,hammer,2026-09-03T07:05:00Z,BUY,24045.0,24021.0,24117.0,24.0,395.0,9555.0,STOP_HIT,-24.0
2026-09-03,TREND_DOWN,hammer,hammer,2026-09-03T07:10:00Z,BUY,24040.0,24021.2,24096.4,18.8,391.0,21125.0,STOP_HIT,-18.8
2026-09-03,TREND_DOWN,hammer,hammer,2026-09-03T07:15:00Z,SELL,24023.6,24039.0,23977.4,15.4,380.0,19565.0,STOP_HIT,-15.4
2026-09-03,TREND_DOWN,hammer,hammer,2026-09-03T07:40:00Z,SELL,24038.0,24050.0,24002.0,12.0,239.0,7995.0,STOP_HIT,-12.0
2026-09-03,TREND_DOWN,hammer,hammer,2026-09-03T08:40:00Z,SELL,24028.1,24038.0,23998.4,9.9,84.0,2665.0,STOP_HIT,-9.9
2026-09-03,TREND_DOWN,hammer,hammer,2026-09-03T08:45:00Z,BUY,24035.0,24025.0,24065.0,10.0,113.0,5330.0,STOP_HIT,-10.0
2026-09-03,TREND_DOWN,hammer,hammer,2026-09-03T09:10:00Z,BUY,24030.0,24021.4,24055.8,8.6,458.0,24115.0,STOP_HIT,-8.6
2026-09-03,TREND_DOWN,spike+vol_expansion,spike+vol_expansion,2026-09-03T03:45:00Z,BUY,24125.0,24085.0,24245.0,40.0,3595.0,,STOP_HIT,-40.0
2026-09-03,TREND_DOWN,spike+vol_expansion,spike+vol_expansion,2026-09-03T03:45:00Z,SELL,24085.0,24125.0,23965.0,40.0,3595.0,,STOP_HIT,-40.0
2026-09-03,TREND_DOWN,spike+vol_expansion,spike+vol_expansion,2026-09-03T03:50:00Z,BUY,24107.6,24079.0,24193.4,28.6,971.0,,STOP_HIT,-28.6
2026-09-03,TREND_DOWN,spike+vol_expansion,spike+vol_expansion,2026-09-03T03:50:00Z,SELL,24079.0,24107.6,23993.2,28.6,971.0,,STOP_HIT,-28.6
2026-09-03,TREND_DOWN,spike+oi_confirm,spike+oi_confirm,2026-09-03T09:25:00Z,BUY,24032.1,24006.2,24109.8,25.9,1046.0,38610.0,PENDING,0.0
2026-09-03,TREND_DOWN,spike+oi_confirm,spike+oi_confirm,2026-09-03T09:25:00Z,SELL,24006.2,24032.1,23928.5,25.9,1046.0,38610.0,TRIGGERED,0.0
2026-09-03,TREND_DOWN,spike+oi_confirm,spike+oi_confirm,2026-09-03T09:35:00Z,BUY,24014.5,23996.3,24069.1,18.2,1358.0,56550.0,STOP_HIT,-18.2
2026-09-03,TREND_DOWN,spike+oi_confirm,spike+oi_confirm,2026-09-03T09:35:00Z,SELL,23996.3,24014.5,23941.7,18.2,1358.0,56550.0,TRIGGERED,0.0
2026-09-03,TREND_DOWN,hammer+spike,hammer,2026-09-03T03:45:00Z,SELL,24085.0,24125.0,23965.0,40.0,3595.0,,STOP_HIT,-40.0
2026-09-03,TREND_DOWN,hammer+spike,hammer,2026-09-03T03:50:00Z,SELL,24079.0,24107.6,23993.2,28.6,971.0,,STOP_HIT,-28.6
2026-09-04,CHOP,spike,spike,2026-09-04T03:45:00Z,BUY,24050.0,24025.0,24125.0,25.0,1675.0,-8775.0,TRIGGERED,0.0
2026-09-04,CHOP,spike,spike,2026-09-04T03:45:00Z,SELL,24025.0,24050.0,23950.0,25.0,1675.0,-8775.0,PENDING,0.0
2026-09-04,CHOP,spike,spike,2026-09-04T04:10:00Z,BUY,24045.8,24030.3,24092.3,15.5,1341.0,29900.0,TARGET_HIT,46.5
2026-09-04,CHOP,spike,spike,2026-09-04T04:10:00Z,SELL,24030.3,24045.8,23983.8,15.5,1341.0,29900.0,PENDING,0.0
2026-09-04,CHOP,spike,spike,2026-09-04T04:15:00Z,BUY,24056.0,24033.0,24125.0,23.0,818.0,20800.0,TRIGGERED,0.0
2026-09-04,CHOP,spike,spike,2026-09-04T04:15:00Z,SELL,24033.0,24056.0,23964.0,23.0,818.0,20800.0,PENDING,0.0
2026-09-04,CHOP,spike,spike,2026-09-04T04:20:00Z,BUY,24068.0,24045.1,24136.7,22.9,1420.0,5200.0,STOP_HIT,-22.9
2026-09-04,CHOP,spike,spike,2026-09-04T04:20:00Z,SELL,24045.1,24068.0,23976.4,22.9,1420.0,5200.0,TRIGGERED,0.0
2026-09-04,CHOP,spike,spike,2026-09-04T04:30:00Z,BUY,24090.2,24068.8,24154.4,21.4,1406.0,8125.0,STOP_HIT,-21.4
2026-09-04,CHOP,spike,spike,2026-09-04T04:30:00Z,SELL,24068.8,24090.2,24004.6,21.4,1406.0,8125.0,STOP_HIT,-21.4
2026-09-04,CHOP,spike,spike,2026-09-04T05:55:00Z,BUY,24104.0,24093.8,24134.6,10.2,900.0,-18330.0,STOP_HIT,-10.2
2026-09-04,CHOP,spike,spike,2026-09-04T05:55:00Z,SELL,24093.8,24104.0,24063.2,10.2,900.0,-18330.0,STOP_HIT,-10.2
2026-09-04,CHOP,spike,spike,2026-09-04T06:05:00Z,BUY,24120.0,24108.0,24156.0,12.0,727.0,-30875.0,PENDING,0.0
2026-09-04,CHOP,spike,spike,2026-09-04T06:05:00Z,SELL,24108.0,24120.0,24072.0,12.0,727.0,-30875.0,TARGET_HIT,36.0
2026-09-04,CHOP,spike,spike,2026-09-04T09:55:00Z,BUY,24060.0,24034.4,24136.8,25.6,793.0,6175.0,PENDING,0.0
2026-09-04,CHOP,spike,spike,2026-09-04T09:55:00Z,SELL,24034.4,24060.0,23957.6,25.6,793.0,6175.0,PENDING,0.0
2026-09-04,CHOP,sideways_spike,sideways_spike,2026-09-04T05:55:00Z,BUY,24104.0,24093.8,24134.6,10.2,900.0,-18330.0,STOP_HIT,-10.2
2026-09-04,CHOP,sideways_spike,sideways_spike,2026-09-04T05:55:00Z,SELL,24093.8,24104.0,24063.2,10.2,900.0,-18330.0,STOP_HIT,-10.2
2026-09-04,CHOP,hammer,hammer,2026-09-04T03:50:00Z,BUY,24050.0,24032.9,24101.3,17.1,558.0,-5330.0,STOP_HIT,-17.1
2026-09-04,CHOP,hammer,hammer,2026-09-04T04:10:00Z,SELL,24030.3,24045.8,23983.8,15.5,1341.0,29900.0,PENDING,0.0
2026-09-04,CHOP,hammer,hammer,2026-09-04T04:50:00Z,BUY,24082.5,24065.0,24135.0,17.5,164.0,-4615.0,STOP_HIT,-17.5
2026-09-04,CHOP,hammer,hammer,2026-09-04T05:00:00Z,SELL,24085.5,24099.0,24045.0,13.5,562.0,-14560.0,STOP_HIT,-13.5
2026-09-04,CHOP,hammer,hammer,2026-09-04T05:05:00Z,BUY,24090.0,24079.0,24123.0,11.0,249.0,-260.0,STOP_HIT,-11.0
2026-09-04,CHOP,hammer,hammer,2026-09-04T05:25:00Z,SELL,24091.4,24096.0,24077.6,4.6,376.0,-11895.0,STOP_HIT,-4.6
2026-09-04,CHOP,hammer,hammer,2026-09-04T05:35:00Z,BUY,24094.0,24086.8,24115.6,7.2,165.0,-4290.0,STOP_HIT,-7.2
2026-09-04,CHOP,hammer,hammer,2026-09-04T05:50:00Z,SELL,24091.7,24100.2,24066.2,8.5,686.0,9880.0,STOP_HIT,-8.5
2026-09-04,CHOP,hammer,hammer,2026-09-04T06:25:00Z,SELL,24109.0,24116.5,24086.5,7.5,349.0,-15470.0,TARGET_HIT,22.5
2026-09-04,CHOP,hammer,hammer,2026-09-04T06:35:00Z,BUY,24090.0,24080.0,24120.0,10.0,97.0,-585.0,PENDING,0.0
2026-09-04,CHOP,hammer,hammer,2026-09-04T06:45:00Z,BUY,24080.4,24063.0,24132.6,17.4,289.0,4160.0,STOP_HIT,-17.4
2026-09-04,CHOP,hammer,hammer,2026-09-04T07:10:00Z,SELL,24054.0,24064.9,24021.3,10.9,140.0,2405.0,STOP_HIT,-10.9
2026-09-04,CHOP,hammer,hammer,2026-09-04T07:20:00Z,BUY,24068.0,24056.0,24104.0,12.0,100.0,1430.0,STOP_HIT,-12.0
2026-09-04,CHOP,hammer,hammer,2026-09-04T07:30:00Z,SELL,24050.0,24066.6,24000.2,16.6,136.0,3055.0,TRIGGERED,0.0
2026-09-04,CHOP,hammer,hammer,2026-09-04T08:05:00Z,SELL,24056.9,24070.5,24016.1,13.6,87.0,845.0,STOP_HIT,-13.6
2026-09-04,CHOP,hammer,hammer,2026-09-04T09:30:00Z,SELL,24055.0,24069.3,24012.1,14.3,299.0,-130.0,STOP_HIT,-14.3
2026-09-04,CHOP,hammer,hammer,2026-09-04T09:35:00Z,SELL,24055.0,24066.0,24022.0,11.0,360.0,5655.0,STOP_HIT,-11.0
2026-09-04,CHOP,hammer,hammer,2026-09-04T09:55:00Z,SELL,24034.4,24060.0,23957.6,25.6,793.0,6175.0,PENDING,0.0
2026-09-04,CHOP,spike+vol_expansion,spike+vol_expansion,2026-09-04T03:45:00Z,BUY,24050.0,24025.0,24125.0,25.0,1675.0,-8775.0,TRIGGERED,0.0
2026-09-04,CHOP,spike+vol_expansion,spike+vol_expansion,2026-09-04T03:45:00Z,SELL,24025.0,24050.0,23950.0,25.0,1675.0,-8775.0,PENDING,0.0
2026-09-04,CHOP,spike+vol_expansion,spike+vol_expansion,2026-09-04T04:15:00Z,BUY,24056.0,24033.0,24125.0,23.0,818.0,20800.0,TRIGGERED,0.0
2026-09-04,CHOP,spike+vol_expansion,spike+vol_expansion,2026-09-04T04:15:00Z,SELL,24033.0,24056.0,23964.0,23.0,818.0,20800.0,PENDING,0.0
2026-09-04,CHOP,spike+vol_expansion,spike+vol_expansion,2026-09-04T04:20:00Z,BUY,24068.0,24045.1,24136.7,22.9,1420.0,5200.0,STOP_HIT,-22.9
2026-09-04,CHOP,spike+vol_expansion,spike+vol_expansion,2026-09-04T04:20:00Z,SELL,24045.1,24068.0,23976.4,22.9,1420.0,5200.0,TRIGGERED,0.0
2026-09-04,CHOP,spike+vol_expansion,spike+vol_expansion,2026-09-04T04:30:00Z,BUY,24090.2,24068.8,24154.4,21.4,1406.0,8125.0,STOP_HIT,-21.4
2026-09-04,CHOP,spike+vol_expansion,spike+vol_expansion,2026-09-04T04:30:00Z,SELL,24068.8,24090.2,24004.6,21.4,1406.0,8125.0,STOP_HIT,-21.4
2026-09-04,CHOP,spike+vol_expansion,spike+vol_expansion,2026-09-04T09:55:00Z,BUY,24060.0,24034.4,24136.8,25.6,793.0,6175.0,PENDING,0.0
2026-09-04,CHOP,spike+vol_expansion,spike+vol_expansion,2026-09-04T09:55:00Z,SELL,24034.4,24060.0,23957.6,25.6,793.0,6175.0,PENDING,0.0
2026-09-04,CHOP,spike+oi_confirm,spike+oi_confirm,2026-09-04T04:10:00Z,BUY,24045.8,24030.3,24092.3,15.5,1341.0,29900.0,TARGET_HIT,46.5
2026-09-04,CHOP,spike+oi_confirm,spike+oi_confirm,2026-09-04T04:10:00Z,SELL,24030.3,24045.8,23983.8,15.5,1341.0,29900.0,PENDING,0.0
2026-09-04,CHOP,spike+oi_confirm,spike+oi_confirm,2026-09-04T04:15:00Z,BUY,24056.0,24033.0,24125.0,23.0,818.0,20800.0,TRIGGERED,0.0
2026-09-04,CHOP,spike+oi_confirm,spike+oi_confirm,2026-09-04T04:15:00Z,SELL,24033.0,24056.0,23964.0,23.0,818.0,20800.0,PENDING,0.0
2026-09-04,CHOP,spike+oi_confirm,spike+oi_confirm,2026-09-04T04:20:00Z,BUY,24068.0,24045.1,24136.7,22.9,1420.0,5200.0,STOP_HIT,-22.9
2026-09-04,CHOP,spike+oi_confirm,spike+oi_confirm,2026-09-04T04:20:00Z,SELL,24045.1,24068.0,23976.4,22.9,1420.0,5200.0,TRIGGERED,0.0
2026-09-04,CHOP,spike+oi_confirm,spike+oi_confirm,2026-09-04T04:30:00Z,BUY,24090.2,24068.8,24154.4,21.4,1406.0,8125.0,STOP_HIT,-21.4
2026-09-04,CHOP,spike+oi_confirm,spike+oi_confirm,2026-09-04T04:30:00Z,SELL,24068.8,24090.2,24004.6,21.4,1406.0,8125.0,STOP_HIT,-21.4
2026-09-04,CHOP,spike+oi_confirm,spike+oi_confirm,2026-09-04T09:55:00Z,BUY,24060.0,24034.4,24136.8,25.6,793.0,6175.0,PENDING,0.0
2026-09-04,CHOP,spike+oi_confirm,spike+oi_confirm,2026-09-04T09:55:00Z,SELL,24034.4,24060.0,23957.6,25.6,793.0,6175.0,PENDING,0.0
2026-09-04,CHOP,hammer+spike,hammer,2026-09-04T04:10:00Z,SELL,24030.3,24045.8,23983.8,15.5,1341.0,29900.0,PENDING,0.0
2026-09-04,CHOP,hammer+spike,hammer,2026-09-04T09:55:00Z,SELL,24034.4,24060.0,23957.6,25.6,793.0,6175.0,PENDING,0.0
